#{"t_start": 1724880757.6937118, "env_id": "PendulumGravity-v1"}
r,l,t
-1130.382255,200,0.171848
