#{"t_start": 1717788062.5979667, "env_id": "PendulumLength-v0"}
r,l,t
-804.305324,200,0.135639
