#{"t_start": 1719930947.9253707, "env_id": "PendulumLength-v0"}
r,l,t
-876.131081,200,0.106271
