#{"t_start": 1718103074.5633419, "env_id": "PendulumLength-v0"}
r,l,t
-1077.151173,200,0.20545
