#{"t_start": 1719584686.7789261, "env_id": "PendulumLength-v0"}
r,l,t
-896.906019,200,0.260918
