#{"t_start": 1719510275.9553995, "env_id": "PendulumLength-v0"}
r,l,t
-871.724825,200,0.810542
