#{"t_start": 1718974233.6143873, "env_id": "PendulumLength-v0"}
r,l,t
-841.321362,200,0.293595
