#{"t_start": 1718974233.6203065, "env_id": "PendulumLength-v0"}
r,l,t
-1481.647185,200,0.287676
