#{"t_start": 1719584686.7819188, "env_id": "PendulumLength-v0"}
r,l,t
-1525.201766,200,0.257926
