#{"t_start": 1717788062.5999615, "env_id": "PendulumLength-v0"}
r,l,t
-683.079208,200,0.133644
