#{"t_start": 1724880757.7030847, "env_id": "PendulumGravity-v1"}
r,l,t
-1055.118416,200,0.162563
