#{"t_start": 1718103074.5643392, "env_id": "PendulumLength-v0"}
r,l,t
-974.467667,200,0.204452
