#{"t_start": 1719930947.927427, "env_id": "PendulumLength-v0"}
r,l,t
-1436.641358,200,0.104307
