#{"t_start": 1719584686.783913, "env_id": "PendulumLength-v0"}
r,l,t
-1555.117799,200,0.255931
