#{"t_start": 1718103074.5663338, "env_id": "PendulumLength-v0"}
r,l,t
-671.438546,200,0.202458
