#{"t_start": 1717788062.6019566, "env_id": "PendulumLength-v0"}
r,l,t
-733.551161,200,0.131649
