#{"t_start": 1724880757.7087321, "env_id": "PendulumGravity-v1"}
r,l,t
-1174.382298,200,0.156967
