#{"t_start": 1719930947.9294567, "env_id": "PendulumLength-v0"}
r,l,t
-1491.728087,200,0.102332
