#{"t_start": 1719584686.7869046, "env_id": "PendulumLength-v0"}
r,l,t
-564.421902,200,0.25294
