#{"t_start": 1718103074.5683284, "env_id": "PendulumLength-v0"}
r,l,t
-537.173697,200,0.200463
