#{"t_start": 1717788062.6039512, "env_id": "PendulumLength-v0"}
r,l,t
-1750.077962,200,0.129654
