#{"t_start": 1719930947.9314349, "env_id": "PendulumLength-v0"}
r,l,t
-785.097205,200,0.1004
