#{"t_start": 1718974233.6242993, "env_id": "PendulumLength-v0"}
r,l,t
-540.320676,200,0.283683
