#{"t_start": 1719584686.7888994, "env_id": "PendulumLength-v0"}
r,l,t
-1055.738342,200,0.250945
