#{"t_start": 1724880757.721308, "env_id": "PendulumGravity-v1"}
r,l,t
-1141.987619,200,0.14448
