#{"t_start": 1718103074.5703232, "env_id": "PendulumLength-v0"}
r,l,t
-1517.152997,200,0.198468
