#{"t_start": 1719930947.9331274, "env_id": "PendulumLength-v0"}
r,l,t
-1013.370642,200,0.098753
