#{"t_start": 1718974233.628299, "env_id": "PendulumLength-v0"}
r,l,t
-1007.193434,200,0.279683
