#{"t_start": 1719930947.9348373, "env_id": "PendulumLength-v0"}
r,l,t
-1658.490066,200,0.097087
