#{"t_start": 1718974233.628299, "env_id": "PendulumLength-v0"}
r,l,t
-1709.011479,200,0.279683
