#{"t_start": 1718103074.5723176, "env_id": "PendulumLength-v0"}
r,l,t
-1046.238185,200,0.196474
