#{"t_start": 1724880757.7268836, "env_id": "PendulumGravity-v1"}
r,l,t
-1151.733571,200,0.138946
