#{"t_start": 1719584686.7908938, "env_id": "PendulumLength-v0"}
r,l,t
-1726.118494,200,0.24895
