#{"t_start": 1724880757.7338748, "env_id": "PendulumGravity-v1"}
r,l,t
-1149.716246,200,0.131996
