#{"t_start": 1718103074.5743127, "env_id": "PendulumLength-v0"}
r,l,t
-1075.104068,200,0.194479
