#{"t_start": 1718974233.6323004, "env_id": "PendulumLength-v0"}
r,l,t
-1022.954692,200,0.275682
