#{"t_start": 1719930947.9365869, "env_id": "PendulumLength-v0"}
r,l,t
-1071.985902,200,0.095381
