#{"t_start": 1719584686.7938857, "env_id": "PendulumLength-v0"}
r,l,t
-1078.552589,200,0.24695
