#{"t_start": 1719584686.7958808, "env_id": "PendulumLength-v0"}
r,l,t
-880.151691,200,0.244955
