#{"t_start": 1718974233.6363003, "env_id": "PendulumLength-v0"}
r,l,t
-834.119168,200,0.271682
