#{"t_start": 1718103074.5753095, "env_id": "PendulumLength-v0"}
r,l,t
-801.536976,200,0.193482
