#{"t_start": 1719930947.9383032, "env_id": "PendulumLength-v0"}
r,l,t
-878.156217,200,0.093707
