#{"t_start": 1724880757.740893, "env_id": "PendulumGravity-v1"}
r,l,t
-1150.751487,200,0.125019
