#{"t_start": 1724880757.750031, "env_id": "PendulumGravity-v1"}
r,l,t
-1093.898199,200,0.115927
