#{"t_start": 1718974233.6363003, "env_id": "PendulumLength-v0"}
r,l,t
-1020.151884,200,0.271682
