#{"t_start": 1718103074.5773044, "env_id": "PendulumLength-v0"}
r,l,t
-798.354621,200,0.192485
