#{"t_start": 1719584686.7978754, "env_id": "PendulumLength-v0"}
r,l,t
-1076.335655,200,0.24296
