#{"t_start": 1719930947.9400125, "env_id": "PendulumLength-v0"}
r,l,t
-1044.473816,200,0.09204
