#{"t_start": 1724880757.7615912, "env_id": "PendulumGravity-v1"}
r,l,t
-1142.103064,200,0.104408
