#{"t_start": 1719930947.941767, "env_id": "PendulumLength-v0"}
r,l,t
-877.340141,200,0.090328
