#{"t_start": 1719584686.8008673, "env_id": "PendulumLength-v0"}
r,l,t
-886.086303,200,0.239968
