#{"t_start": 1718974233.6402996, "env_id": "PendulumLength-v0"}
r,l,t
-836.06406,200,0.267683
